date,pm25,no2,aqi,year,month,season
2022-01-01,7.557083333333334,15.311250000000001,1.125,2022,1,Winter
2022-01-02,3.9287500000000004,9.677916666666667,1.0833333333333333,2022,1,Winter
2022-01-03,3.4008333333333334,17.658333333333335,1.0,2022,1,Winter
2022-01-04,2.766666666666667,20.2025,1.0,2022,1,Winter
2022-01-05,2.345,20.234166666666667,1.25,2022,1,Winter
2022-01-06,10.042916666666667,33.94583333333333,1.7916666666666667,2022,1,Winter
2022-01-07,1.4925,14.69,1.0,2022,1,Winter
2022-01-08,1.6295833333333334,12.45875,1.0,2022,1,Winter
2022-01-09,2.8091666666666666,25.697916666666668,1.2916666666666667,2022,1,Winter
2022-01-10,14.092500000000001,51.194583333333334,2.3333333333333335,2022,1,Winter
2022-01-11,8.36,28.47458333333333,1.4166666666666667,2022,1,Winter
2022-01-12,18.538333333333334,44.59875,2.4583333333333335,2022,1,Winter
2022-01-13,25.2175,58.12125,3.1666666666666665,2022,1,Winter
2022-01-14,33.252500000000005,50.69375,3.625,2022,1,Winter
2022-01-15,32.05958333333333,51.22375,3.7916666666666665,2022,1,Winter
2022-01-16,8.027916666666666,35.20916666666667,1.2916666666666667,2022,1,Winter
2022-01-17,13.582083333333332,35.17208333333333,1.9583333333333333,2022,1,Winter
2022-01-18,29.912916666666664,59.06375,3.25,2022,1,Winter
2022-01-19,6.510416666666667,28.881666666666664,1.25,2022,1,Winter
2022-01-20,3.049583333333333,22.894583333333333,1.0,2022,1,Winter
2022-01-21,7.540416666666666,34.066250000000004,1.4166666666666667,2022,1,Winter
2022-01-22,7.4679166666666665,31.76625,1.375,2022,1,Winter
2022-01-23,18.49,41.81,2.0,2022,1,Winter
2022-01-24,18.054347826086957,63.85086956521739,2.5217391304347827,2022,1,Winter
2022-01-25,22.141666666666666,60.0625,2.875,2022,1,Winter
2022-01-26,12.807916666666666,31.859583333333333,1.75,2022,1,Winter
2022-01-27,3.3745833333333333,16.52958333333333,1.0833333333333333,2022,1,Winter
2022-01-28,6.702916666666667,30.474166666666665,1.25,2022,1,Winter
2022-01-29,1.7045833333333331,7.833749999999999,1.0,2022,1,Winter
2022-01-30,4.06125,20.620833333333334,1.2083333333333333,2022,1,Winter
2022-01-31,0.9562499999999999,8.542083333333332,1.2083333333333333,2022,1,Winter
2022-02-01,1.62,9.674166666666666,1.0,2022,2,Winter
2022-02-02,2.97125,24.087500000000002,1.25,2022,2,Winter
2022-02-03,2.654166666666667,19.17833333333333,1.0,2022,2,Winter
2022-02-04,1.6083333333333334,12.863750000000001,1.0,2022,2,Winter
2022-02-05,1.73125,10.4425,1.0416666666666667,2022,2,Winter
2022-02-06,1.1941666666666666,4.529583333333334,1.4166666666666667,2022,2,Winter
2022-02-07,2.450416666666667,18.142916666666668,1.0,2022,2,Winter
2022-02-08,2.2408333333333332,13.258333333333333,1.2083333333333333,2022,2,Winter
2022-02-09,3.8066666666666666,26.222916666666666,1.2916666666666667,2022,2,Winter
2022-02-10,3.14125,21.0425,1.0,2022,2,Winter
2022-02-11,5.2595833333333335,36.089999999999996,1.5416666666666667,2022,2,Winter
2022-02-12,5.549166666666667,17.105,1.0416666666666667,2022,2,Winter
2022-02-13,4.722916666666666,10.242916666666668,1.0,2022,2,Winter
2022-02-14,1.0766666666666667,12.419583333333334,1.0,2022,2,Winter
2022-02-15,2.3033333333333332,18.977916666666665,1.0,2022,2,Winter
2022-02-16,2.6979166666666665,7.343333333333334,1.0,2022,2,Winter
2022-02-17,1.9895833333333333,10.43,1.0,2022,2,Winter
2022-02-18,1.6849999999999998,8.415416666666667,1.125,2022,2,Winter
2022-02-19,0.8333333333333334,8.160416666666666,1.0,2022,2,Winter
2022-02-20,1.54,15.77,1.0,2022,2,Winter
2022-02-21,1.33,6.8765217391304345,1.0,2022,2,Winter
2022-02-22,3.3516666666666666,17.28875,1.0,2022,2,Winter
2022-02-23,3.7383333333333333,20.220833333333335,1.0416666666666667,2022,2,Winter
2022-02-24,1.5599999999999998,9.865833333333333,1.0833333333333333,2022,2,Winter
2022-02-25,8.491249999999999,24.615416666666665,1.6666666666666667,2022,2,Winter
2022-02-26,11.52875,35.65083333333333,1.5833333333333333,2022,2,Winter
2022-02-27,9.68875,18.132083333333334,1.4583333333333333,2022,2,Winter
2022-02-28,10.049583333333333,20.853333333333335,1.4583333333333333,2022,2,Winter
2022-03-01,10.332500000000001,24.020416666666666,1.4166666666666667,2022,3,Spring
2022-03-02,19.88416666666667,34.34375,2.625,2022,3,Spring
2022-03-03,24.054166666666664,34.80083333333334,2.8333333333333335,2022,3,Spring
2022-03-04,9.487083333333333,27.489583333333332,1.4583333333333333,2022,3,Spring
2022-03-05,5.79375,10.895416666666668,1.2083333333333333,2022,3,Spring
2022-03-06,3.4575,7.555833333333333,1.3333333333333333,2022,3,Spring
2022-03-07,5.42125,15.590416666666668,1.375,2022,3,Spring
2022-03-08,20.2475,20.691666666666666,2.5833333333333335,2022,3,Spring
2022-03-09,7.3825,17.4225,1.3333333333333333,2022,3,Spring
2022-03-10,9.27375,20.335,1.25,2022,3,Spring
2022-03-11,7.52,17.58458333333333,1.375,2022,3,Spring
2022-03-12,2.4787500000000002,11.04125,1.0833333333333333,2022,3,Spring
2022-03-13,3.1658333333333335,16.61916666666667,1.1666666666666667,2022,3,Spring
2022-03-14,8.192916666666667,40.212916666666665,1.5,2022,3,Spring
2022-03-15,13.435833333333333,45.826249999999995,1.875,2022,3,Spring
2022-03-16,10.972083333333332,31.815833333333334,1.7083333333333333,2022,3,Spring
2022-03-17,3.7550000000000003,24.2975,1.2916666666666667,2022,3,Spring
2022-03-18,10.247916666666667,28.682083333333335,1.8333333333333333,2022,3,Spring
2022-03-19,15.78125,14.865833333333335,2.125,2022,3,Spring
2022-03-20,18.329583333333336,45.34291666666667,2.1666666666666665,2022,3,Spring
2022-03-21,28.457916666666666,55.921666666666674,3.3333333333333335,2022,3,Spring
2022-03-22,18.85125,44.205000000000005,2.7083333333333335,2022,3,Spring
2022-03-23,35.16125,53.90875,3.8333333333333335,2022,3,Spring
2022-03-24,54.168749999999996,88.73708333333333,4.375,2022,3,Spring
2022-03-25,47.555416666666666,49.59625,4.333333333333333,2022,3,Spring
2022-03-26,28.712083333333336,19.579166666666666,3.4583333333333335,2022,3,Spring
2022-03-27,5.84125,20.51,1.2083333333333333,2022,3,Spring
2022-03-28,13.581666666666665,45.625416666666666,2.0,2022,3,Spring
2022-03-29,10.906666666666666,19.046666666666667,1.6666666666666667,2022,3,Spring
2022-03-30,6.22625,17.325833333333332,1.4166666666666667,2022,3,Spring
2022-03-31,0.9504166666666666,5.661666666666666,1.4583333333333333,2022,3,Spring
2022-04-01,1.2870833333333334,8.160416666666666,1.5833333333333333,2022,4,Spring
2022-04-02,3.2937499999999997,17.425416666666667,1.3333333333333333,2022,4,Spring
2022-04-03,5.951666666666667,22.82375,1.3333333333333333,2022,4,Spring
2022-04-04,3.1783333333333332,9.83375,1.2083333333333333,2022,4,Spring
2022-04-05,1.8170833333333334,9.578333333333333,1.375,2022,4,Spring
2022-04-06,1.7466666666666668,6.78875,1.5833333333333333,2022,4,Spring
2022-04-07,0.9083333333333333,5.444583333333333,1.5416666666666667,2022,4,Spring
2022-04-08,5.4925,31.862916666666667,1.4166666666666667,2022,4,Spring
2022-04-09,3.4995833333333333,19.350416666666664,1.4166666666666667,2022,4,Spring
2022-04-10,8.789583333333335,32.299166666666665,1.75,2022,4,Spring
2022-04-11,11.09125,20.035,1.6666666666666667,2022,4,Spring
2022-04-12,8.136666666666667,21.891666666666666,1.5,2022,4,Spring
2022-04-13,6.814166666666666,27.74291666666667,1.4166666666666667,2022,4,Spring
2022-04-14,11.404166666666667,39.035833333333336,1.625,2022,4,Spring
2022-04-15,15.031666666666666,37.535833333333336,2.0833333333333335,2022,4,Spring
2022-04-16,20.895833333333332,23.426666666666666,2.7916666666666665,2022,4,Spring
2022-04-17,14.871666666666668,22.742500000000003,2.75,2022,4,Spring
2022-04-18,12.788333333333334,25.285833333333333,2.2083333333333335,2022,4,Spring
2022-04-19,7.110416666666667,16.54041666666667,1.5416666666666667,2022,4,Spring
2022-04-20,18.366666666666667,13.555416666666666,2.625,2022,4,Spring
2022-04-21,15.899583333333334,12.195,2.25,2022,4,Spring
2022-04-22,10.639166666666666,7.640833333333333,2.0416666666666665,2022,4,Spring
2022-04-23,13.098333333333334,7.265000000000001,2.0,2022,4,Spring
2022-04-24,7.733750000000001,5.720833333333334,1.9583333333333333,2022,4,Spring
2022-04-25,5.2225,10.055,1.5416666666666667,2022,4,Spring
2022-04-26,3.31125,12.4625,1.4166666666666667,2022,4,Spring
2022-04-27,2.01375,14.159583333333332,1.2916666666666667,2022,4,Spring
2022-04-28,3.2016666666666667,16.322083333333335,1.375,2022,4,Spring
2022-04-29,2.122916666666667,13.886666666666665,1.4583333333333333,2022,4,Spring
2022-04-30,4.9383333333333335,31.084166666666665,1.5416666666666667,2022,4,Spring
2022-05-01,7.115416666666667,19.514583333333334,1.75,2022,5,Spring
2022-05-02,9.18875,39.3425,1.7083333333333333,2022,5,Spring
2022-05-03,12.639583333333334,33.187083333333334,1.8333333333333333,2022,5,Spring
2022-05-04,9.701666666666666,21.169583333333332,1.75,2022,5,Spring
2022-05-05,4.179166666666666,21.93375,1.4166666666666667,2022,5,Spring
2022-05-06,3.716666666666667,17.225416666666668,1.25,2022,5,Spring
2022-05-07,3.3029166666666665,12.190833333333332,1.0,2022,5,Spring
2022-05-08,3.92,11.195,1.375,2022,5,Spring
2022-05-09,6.555,18.98375,1.6666666666666667,2022,5,Spring
2022-05-10,6.955416666666667,11.484583333333333,1.4166666666666667,2022,5,Spring
2022-05-11,4.234166666666667,10.917083333333332,1.2916666666666667,2022,5,Spring
2022-05-12,2.2525,10.953333333333333,1.2916666666666667,2022,5,Spring
2022-05-13,2.25,7.695,1.5416666666666667,2022,5,Spring
2022-05-14,6.246666666666666,22.70625,1.75,2022,5,Spring
2022-05-15,13.034583333333332,20.45625,2.0,2022,5,Spring
2022-05-16,6.2425,14.78625,1.2916666666666667,2022,5,Spring
2022-05-17,7.826666666666667,20.18166666666667,1.5833333333333333,2022,5,Spring
2022-05-18,4.6875,24.90833333333333,1.4583333333333333,2022,5,Spring
2022-05-19,3.6616666666666666,19.0475,1.2916666666666667,2022,5,Spring
2022-05-20,4.1066666666666665,16.985833333333336,1.125,2022,5,Spring
2022-05-21,3.612083333333333,10.094583333333334,1.3333333333333333,2022,5,Spring
2022-05-22,5.310416666666667,18.724166666666665,1.4583333333333333,2022,5,Spring
2022-05-23,3.577083333333333,16.879583333333333,1.0833333333333333,2022,5,Spring
2022-05-24,1.5095833333333333,13.092916666666667,1.0,2022,5,Spring
2022-05-25,3.6933333333333334,10.516666666666667,1.0,2022,5,Spring
2022-05-26,3.5675000000000003,7.818333333333334,1.0416666666666667,2022,5,Spring
2022-05-27,3.1824999999999997,6.8808333333333325,1.4583333333333333,2022,5,Spring
2022-05-28,2.085,6.894166666666667,1.0,2022,5,Spring
2022-05-29,1.6954166666666666,9.384583333333333,1.0833333333333333,2022,5,Spring
2022-05-30,5.511666666666667,24.757500000000004,1.2083333333333333,2022,5,Spring
2022-05-31,3.6925000000000003,16.921666666666667,1.0,2022,5,Spring
2022-06-01,3.4033333333333338,16.434583333333332,1.125,2022,6,Summer
2022-06-02,7.05875,22.812916666666666,1.5416666666666667,2022,6,Summer
2022-06-03,6.113333333333333,11.448333333333332,1.875,2022,6,Summer
2022-06-04,3.098333333333333,4.120416666666666,1.625,2022,6,Summer
2022-06-05,2.1733333333333333,8.604583333333332,1.0,2022,6,Summer
2022-06-06,4.210833333333333,18.454166666666666,1.375,2022,6,Summer
2022-06-07,6.898333333333333,17.597916666666666,1.2083333333333333,2022,6,Summer
2022-06-08,2.715833333333333,7.755416666666666,1.25,2022,6,Summer
2022-06-09,4.119166666666667,10.257083333333334,1.0,2022,6,Summer
2022-06-10,4.508333333333334,7.2175,1.375,2022,6,Summer
2022-06-11,4.340833333333333,6.107500000000001,1.0416666666666667,2022,6,Summer
2022-06-12,3.620416666666667,6.052499999999999,1.2916666666666667,2022,6,Summer
2022-06-13,3.6929166666666666,19.052083333333332,1.4166666666666667,2022,6,Summer
2022-06-14,7.869583333333334,28.514166666666668,1.9166666666666667,2022,6,Summer
2022-06-15,11.762083333333335,32.308749999999996,2.4166666666666665,2022,6,Summer
2022-06-16,16.755,33.99791666666667,2.7083333333333335,2022,6,Summer
2022-06-17,17.39875,17.632083333333334,2.5833333333333335,2022,6,Summer
2022-06-18,9.610416666666667,9.403333333333334,1.4583333333333333,2022,6,Summer
2022-06-19,1.9145833333333335,5.959166666666667,1.2083333333333333,2022,6,Summer
2022-06-20,3.4475000000000002,8.77375,1.0,2022,6,Summer
2022-06-21,6.5249999999999995,25.24291666666667,1.5,2022,6,Summer
2022-06-22,7.7804166666666665,20.187083333333334,1.8333333333333333,2022,6,Summer
2022-06-23,9.339166666666666,19.0275,1.75,2022,6,Summer
2022-06-24,6.495,11.402916666666668,1.6666666666666667,2022,6,Summer
2022-06-25,3.151666666666667,7.204166666666667,1.1666666666666667,2022,6,Summer
2022-06-26,2.3966666666666665,8.4975,1.0,2022,6,Summer
2022-06-27,2.7691666666666666,11.899166666666666,1.0,2022,6,Summer
2022-06-28,2.6191666666666666,12.839166666666666,1.125,2022,6,Summer
2022-06-29,4.570833333333334,13.997916666666667,1.0,2022,6,Summer
2022-06-30,3.939583333333333,14.447916666666666,1.0,2022,6,Summer
2022-07-01,2.6395833333333334,8.594583333333334,1.0416666666666667,2022,7,Summer
2022-07-02,2.6620833333333334,7.111666666666667,1.0,2022,7,Summer
2022-07-03,3.795,10.59,1.0,2022,7,Summer
2022-07-04,1.9245833333333333,9.653333333333334,1.1666666666666667,2022,7,Summer
2022-07-05,1.7808333333333335,9.317083333333334,1.0,2022,7,Summer
2022-07-06,1.7304166666666667,7.33875,1.0,2022,7,Summer
2022-07-07,2.607083333333333,12.529583333333335,1.375,2022,7,Summer
2022-07-08,4.2299999999999995,18.639166666666668,1.5416666666666667,2022,7,Summer
2022-07-09,2.215,7.7508333333333335,1.375,2022,7,Summer
2022-07-10,6.445416666666667,17.769166666666667,1.75,2022,7,Summer
2022-07-11,7.361250000000001,21.518333333333334,1.8333333333333333,2022,7,Summer
2022-07-12,8.9275,27.05333333333333,1.4583333333333333,2022,7,Summer
2022-07-13,5.516249999999999,14.1,1.5416666666666667,2022,7,Summer
2022-07-14,3.68375,8.777916666666666,1.25,2022,7,Summer
2022-07-15,2.79125,8.479166666666666,1.2083333333333333,2022,7,Summer
2022-07-16,4.789583333333334,10.907916666666667,1.75,2022,7,Summer
2022-07-17,4.175416666666666,15.886249999999999,1.6666666666666667,2022,7,Summer
2022-07-18,8.656666666666666,20.591666666666665,1.9583333333333333,2022,7,Summer
2022-07-19,14.46875,11.782083333333333,2.3333333333333335,2022,7,Summer
2022-07-20,23.3,8.23,3.0,2022,7,Summer
2022-07-22,2.216086956521739,11.60391304347826,1.0,2022,7,Summer
2022-07-23,3.407083333333333,11.334166666666667,1.2083333333333333,2022,7,Summer
2022-07-24,3.3558333333333334,5.2179166666666665,1.5,2022,7,Summer
2022-07-25,3.05625,4.7625,1.0,2022,7,Summer
2022-07-26,2.30375,11.329166666666666,1.0,2022,7,Summer
2022-07-27,2.7808333333333333,18.199583333333333,1.0,2022,7,Summer
2022-07-28,3.0175,13.316666666666665,1.375,2022,7,Summer
2022-07-29,3.6833333333333336,13.692083333333334,1.4166666666666667,2022,7,Summer
2022-07-30,7.2275,11.09125,1.5833333333333333,2022,7,Summer
2022-07-31,1.76375,5.644583333333333,1.0,2022,7,Summer
2022-08-01,5.5754166666666665,23.866666666666664,1.0833333333333333,2022,8,Summer
2022-08-02,2.4566666666666666,9.415416666666667,1.0,2022,8,Summer
2022-08-03,1.9225,8.52375,1.0,2022,8,Summer
2022-08-04,2.231666666666667,8.644583333333333,1.0416666666666667,2022,8,Summer
2022-08-05,1.3758333333333332,7.178333333333334,1.0,2022,8,Summer
2022-08-06,2.6025,12.950416666666667,1.2916666666666667,2022,8,Summer
2022-08-07,3.955833333333333,15.799166666666666,1.4166666666666667,2022,8,Summer
2022-08-08,4.785833333333334,14.832916666666668,1.4166666666666667,2022,8,Summer
2022-08-09,5.40375,16.709166666666665,1.4166666666666667,2022,8,Summer
2022-08-10,4.685833333333333,14.354166666666666,1.7083333333333333,2022,8,Summer
2022-08-11,8.244166666666667,14.745416666666666,1.9583333333333333,2022,8,Summer
2022-08-12,10.820833333333333,13.119583333333333,2.4166666666666665,2022,8,Summer
2022-08-13,12.617083333333333,11.936250000000001,2.3333333333333335,2022,8,Summer
2022-08-14,14.15875,21.350416666666664,2.375,2022,8,Summer
2022-08-15,16.924583333333334,28.00708333333333,2.625,2022,8,Summer
2022-08-16,10.060833333333333,33.42208333333333,1.8333333333333333,2022,8,Summer
2022-08-17,6.8379166666666675,12.997916666666667,1.5416666666666667,2022,8,Summer
2022-08-18,4.973333333333334,14.029583333333333,1.3333333333333333,2022,8,Summer
2022-08-19,3.220416666666667,8.75625,1.25,2022,8,Summer
2022-08-20,3.657083333333333,8.035,1.0,2022,8,Summer
2022-08-21,4.1745833333333335,10.172916666666667,1.2083333333333333,2022,8,Summer
2022-08-22,7.396249999999999,18.626250000000002,1.2916666666666667,2022,8,Summer
2022-08-23,5.0304166666666665,15.616666666666667,1.0,2022,8,Summer
2022-08-24,4.292916666666667,17.67875,1.1666666666666667,2022,8,Summer
2022-08-25,4.629583333333334,22.34875,1.0,2022,8,Summer
2022-08-26,9.179583333333333,28.4675,1.4166666666666667,2022,8,Summer
2022-08-27,11.739166666666668,22.479166666666668,1.8333333333333333,2022,8,Summer
2022-08-28,1.9037499999999998,11.329583333333334,1.0,2022,8,Summer
2022-08-29,1.9141666666666666,8.229166666666666,1.0,2022,8,Summer
2022-08-30,2.3820833333333336,6.838333333333334,1.0,2022,8,Summer
2022-08-31,2.4879166666666666,5.874583333333334,1.375,2022,8,Summer
2022-09-01,5.126666666666667,10.565833333333332,1.5416666666666667,2022,9,Autumn
2022-09-02,11.721666666666666,33.529583333333335,1.7916666666666667,2022,9,Autumn
2022-09-03,13.308750000000002,28.442916666666665,2.125,2022,9,Autumn
2022-09-04,8.4675,17.246666666666666,1.7083333333333333,2022,9,Autumn
2022-09-05,4.907916666666666,31.15625,1.2916666666666667,2022,9,Autumn
2022-09-06,5.03625,18.542916666666667,1.0,2022,9,Autumn
2022-09-07,5.03375,17.0675,1.0,2022,9,Autumn
2022-09-08,4.395416666666667,21.114166666666666,1.0,2022,9,Autumn
2022-09-09,4.531666666666667,21.82041666666667,1.0,2022,9,Autumn
2022-09-10,5.954999999999999,18.183333333333334,1.0416666666666667,2022,9,Autumn
2022-09-11,11.168333333333335,21.5625,1.625,2022,9,Autumn
2022-09-12,15.054166666666667,34.61625,2.0833333333333335,2022,9,Autumn
2022-09-13,5.478333333333333,22.505,1.1666666666666667,2022,9,Autumn
2022-09-14,4.292916666666667,15.222083333333332,1.125,2022,9,Autumn
2022-09-15,3.6750000000000003,17.535,1.0,2022,9,Autumn
2022-09-16,2.0075,13.112083333333333,1.1666666666666667,2022,9,Autumn
2022-09-17,2.28625,12.362916666666665,1.1666666666666667,2022,9,Autumn
2022-09-18,1.2433333333333334,10.635833333333332,1.0,2022,9,Autumn
2022-09-19,4.93375,27.1825,1.2916666666666667,2022,9,Autumn
2022-09-20,10.900833333333333,33.572916666666664,1.75,2022,9,Autumn
2022-09-21,19.952083333333334,41.6275,2.625,2022,9,Autumn
2022-09-22,9.029166666666667,26.41125,1.5,2022,9,Autumn
2022-09-23,6.052083333333333,18.94333333333333,1.0833333333333333,2022,9,Autumn
2022-09-24,4.730833333333334,8.951666666666666,1.0,2022,9,Autumn
2022-09-25,1.9304166666666667,10.624166666666666,1.1666666666666667,2022,9,Autumn
2022-09-26,1.7654166666666666,8.472083333333334,1.0,2022,9,Autumn
2022-09-27,1.48625,8.496666666666666,1.0,2022,9,Autumn
2022-09-28,3.7891666666666666,21.278333333333332,1.25,2022,9,Autumn
2022-09-29,4.645833333333333,26.455,1.2083333333333333,2022,9,Autumn
2022-09-30,6.7316666666666665,16.59625,1.3333333333333333,2022,9,Autumn
2022-10-01,2.9575,8.691666666666666,1.0,2022,10,Autumn
2022-10-02,4.699583333333334,19.247083333333332,1.25,2022,10,Autumn
2022-10-03,15.782083333333333,36.18,2.1666666666666665,2022,10,Autumn
2022-10-04,4.3237499999999995,15.251666666666667,1.25,2022,10,Autumn
2022-10-05,2.8049999999999997,8.328333333333333,1.2083333333333333,2022,10,Autumn
2022-10-06,2.55625,15.9325,1.0,2022,10,Autumn
2022-10-07,3.2420833333333334,11.56375,1.0,2022,10,Autumn
2022-10-08,6.644166666666667,21.926666666666666,1.375,2022,10,Autumn
2022-10-09,5.46,24.873333333333335,1.125,2022,10,Autumn
2022-10-10,5.1154166666666665,24.0625,1.0833333333333333,2022,10,Autumn
2022-10-11,16.736666666666668,43.455000000000005,2.125,2022,10,Autumn
2022-10-12,10.670416666666666,35.964166666666664,1.5,2022,10,Autumn
2022-10-13,13.719166666666666,32.045833333333334,1.9166666666666667,2022,10,Autumn
2022-10-14,10.805833333333334,34.50083333333333,1.6666666666666667,2022,10,Autumn
2022-10-15,3.53125,15.168750000000001,1.0,2022,10,Autumn
2022-10-16,2.95875,11.705833333333333,1.0,2022,10,Autumn
2022-10-17,3.93,24.194166666666664,1.2916666666666667,2022,10,Autumn
2022-10-18,8.631666666666666,30.752916666666668,1.5,2022,10,Autumn
2022-10-19,7.435,20.075,1.2083333333333333,2022,10,Autumn
2022-10-20,14.685833333333333,31.209166666666665,2.125,2022,10,Autumn
2022-10-21,4.8445833333333335,16.850833333333334,1.125,2022,10,Autumn
2022-10-22,4.7491666666666665,16.500833333333333,1.0,2022,10,Autumn
2022-10-23,2.7616666666666667,13.015416666666667,1.0,2022,10,Autumn
2022-10-24,2.4966666666666666,13.815833333333332,1.0,2022,10,Autumn
2022-10-25,5.5616666666666665,20.0425,1.0416666666666667,2022,10,Autumn
2022-10-26,5.38625,17.59625,1.0,2022,10,Autumn
2022-10-27,6.390416666666667,25.462083333333336,1.2083333333333333,2022,10,Autumn
2022-10-28,9.53875,24.20875,1.5833333333333333,2022,10,Autumn
2022-10-29,14.874166666666667,20.084999999999997,2.1666666666666665,2022,10,Autumn
2022-10-30,4.440833333333333,15.547916666666666,1.0833333333333333,2022,10,Autumn
2022-10-31,6.055833333333333,18.34958333333333,1.125,2022,10,Autumn
2022-11-01,2.95125,8.289583333333333,1.0,2022,11,Autumn
2022-11-02,2.0191666666666666,10.424166666666666,1.0,2022,11,Autumn
2022-11-03,3.4333333333333336,28.055833333333336,1.5416666666666667,2022,11,Autumn
2022-11-04,5.8975,26.222916666666666,1.2916666666666667,2022,11,Autumn
2022-11-05,2.96875,21.6725,1.0416666666666667,2022,11,Autumn
2022-11-06,2.891666666666667,14.525416666666667,1.0,2022,11,Autumn
2022-11-07,4.4325,10.867083333333333,1.0,2022,11,Autumn
2022-11-08,2.780416666666667,9.874583333333334,1.125,2022,11,Autumn
2022-11-09,2.357083333333333,13.347916666666668,1.0,2022,11,Autumn
2022-11-10,2.5795833333333333,12.698749999999999,1.0833333333333333,2022,11,Autumn
2022-11-11,4.329583333333333,21.212500000000002,1.2083333333333333,2022,11,Autumn
2022-11-12,12.264583333333334,30.045833333333334,1.5,2022,11,Autumn
2022-11-13,15.872916666666667,29.77416666666667,2.2083333333333335,2022,11,Autumn
2022-11-14,20.076666666666668,30.145833333333332,2.7916666666666665,2022,11,Autumn
2022-11-15,2.3216666666666668,18.48875,1.0,2022,11,Autumn
2022-11-16,2.236666666666667,20.085833333333333,1.0,2022,11,Autumn
2022-11-17,1.8666666666666665,17.342916666666667,1.0,2022,11,Autumn
2022-11-18,1.6129166666666668,19.263749999999998,1.125,2022,11,Autumn
2022-11-19,8.244583333333333,23.86583333333333,1.5833333333333333,2022,11,Autumn
2022-11-20,3.24875,20.361250000000002,1.1666666666666667,2022,11,Autumn
2022-11-21,3.9829166666666667,25.762083333333333,1.2916666666666667,2022,11,Autumn
2022-11-22,2.4879166666666666,23.937083333333334,1.2083333333333333,2022,11,Autumn
2022-11-23,2.584166666666667,19.72375,1.0833333333333333,2022,11,Autumn
2022-11-24,3.049166666666667,16.317083333333333,1.0,2022,11,Autumn
2022-11-25,3.3829166666666666,23.561666666666667,1.25,2022,11,Autumn
2022-11-26,3.41,18.83875,1.0,2022,11,Autumn
2022-11-27,4.4487499999999995,26.883750000000003,1.2083333333333333,2022,11,Autumn
2022-11-28,11.955833333333333,35.64333333333334,1.8333333333333333,2022,11,Autumn
2022-11-29,8.087916666666667,28.432083333333335,1.25,2022,11,Autumn
2022-11-30,15.323749999999999,29.359583333333333,2.0833333333333335,2022,11,Autumn
2022-12-01,9.347916666666666,30.00375,1.375,2022,12,Winter
2022-12-02,8.697083333333333,20.984583333333333,1.5,2022,12,Winter
2022-12-03,2.03125,8.679583333333333,1.25,2022,12,Winter
2022-12-04,4.12125,13.434583333333334,1.0,2022,12,Winter
2022-12-05,3.4937500000000004,14.577083333333334,1.0,2022,12,Winter
2022-12-06,2.2554166666666666,18.875416666666666,1.0,2022,12,Winter
2022-12-07,6.779166666666666,33.736666666666665,1.3333333333333333,2022,12,Winter
2022-12-08,13.857916666666666,49.43833333333333,2.0,2022,12,Winter
2022-12-09,19.32,61.69,2.0,2022,12,Winter
2022-12-11,26.58304347826087,61.36347826086956,2.9565217391304346,2022,12,Winter
2022-12-12,10.903333333333334,45.418749999999996,1.7083333333333333,2022,12,Winter
2022-12-13,12.6825,53.50833333333333,2.0,2022,12,Winter
2022-12-14,9.74,27.804166666666664,1.5833333333333333,2022,12,Winter
2022-12-15,7.205416666666667,38.63625,1.4583333333333333,2022,12,Winter
2022-12-16,24.22875,48.10375,2.6666666666666665,2022,12,Winter
2022-12-17,15.595416666666667,53.10833333333333,2.25,2022,12,Winter
2022-12-18,12.53875,25.80875,1.8333333333333333,2022,12,Winter
2022-12-19,2.0558333333333336,10.095833333333333,1.0,2022,12,Winter
2022-12-20,4.488333333333333,30.1425,1.3333333333333333,2022,12,Winter
2022-12-21,6.024166666666667,34.53041666666667,1.3333333333333333,2022,12,Winter
2022-12-22,6.704583333333333,33.79541666666667,1.375,2022,12,Winter
2022-12-23,5.0841666666666665,22.001666666666665,1.125,2022,12,Winter
2022-12-24,7.00125,21.535,1.0833333333333333,2022,12,Winter
2022-12-25,2.3,14.91,1.0,2022,12,Winter
2022-12-26,1.8873913043478263,14.480434782608697,1.2608695652173914,2022,12,Winter
2022-12-27,1.9995833333333335,18.775,1.5833333333333333,2022,12,Winter
2022-12-28,2.5641666666666665,9.286666666666667,1.9166666666666667,2022,12,Winter
2022-12-29,1.7916666666666667,9.944583333333334,1.4166666666666667,2022,12,Winter
2022-12-30,2.14,13.604999999999999,1.0833333333333333,2022,12,Winter
2022-12-31,3.9154166666666668,8.499166666666666,1.5,2022,12,Winter
2023-01-01,4.70625,17.0575,1.375,2023,1,Winter
2023-01-02,5.3133333333333335,32.93666666666667,1.2916666666666667,2023,1,Winter
2023-01-03,3.204166666666667,21.545833333333334,1.625,2023,1,Winter
2023-01-04,2.4741666666666666,7.104166666666667,1.7916666666666667,2023,1,Winter
2023-01-05,3.9949999999999997,15.88,1.125,2023,1,Winter
2023-01-06,2.91,17.37625,1.25,2023,1,Winter
2023-01-07,2.388333333333333,7.669999999999999,1.875,2023,1,Winter
2023-01-08,2.0141666666666667,12.739166666666668,1.375,2023,1,Winter
2023-01-09,1.4441666666666666,12.89875,1.3333333333333333,2023,1,Winter
2023-01-10,2.5566666666666666,13.88,1.2916666666666667,2023,1,Winter
2023-01-11,2.0154166666666664,7.924166666666667,1.4166666666666667,2023,1,Winter
2023-01-12,2.3175,7.452083333333333,1.7083333333333333,2023,1,Winter
2023-01-13,1.6545833333333333,10.572083333333333,1.375,2023,1,Winter
2023-01-14,1.2983333333333333,8.32875,1.7916666666666667,2023,1,Winter
2023-01-15,1.5045833333333334,13.351666666666667,1.7916666666666667,2023,1,Winter
2023-01-16,5.026666666666666,32.272083333333335,1.3333333333333333,2023,1,Winter
2023-01-17,11.99375,51.338750000000005,2.0416666666666665,2023,1,Winter
2023-01-18,2.7900000000000005,24.040833333333335,1.0,2023,1,Winter
2023-01-19,4.150416666666667,28.353333333333335,1.2083333333333333,2023,1,Winter
2023-01-20,2.2075,18.82125,1.0,2023,1,Winter
2023-01-21,12.6,33.89458333333334,1.7083333333333333,2023,1,Winter
2023-01-22,36.26916666666667,54.53666666666667,2.9583333333333335,2023,1,Winter
2023-01-23,20.47375,57.90708333333333,2.2916666666666665,2023,1,Winter
2023-01-24,15.459583333333333,41.255833333333335,1.7916666666666667,2023,1,Winter
2023-01-25,22.050833333333333,56.22958333333333,2.3333333333333335,2023,1,Winter
2023-01-26,3.3158333333333334,13.565416666666666,1.0,2023,1,Winter
2023-01-27,3.1174999999999997,20.945416666666667,1.6666666666666667,2023,1,Winter
2023-01-28,11.108333333333334,37.57791666666667,1.5833333333333333,2023,1,Winter
2023-01-29,6.848333333333334,27.517916666666665,1.25,2023,1,Winter
2023-01-30,2.8683333333333336,21.0,1.8333333333333333,2023,1,Winter
2023-01-31,2.7083333333333335,19.22458333333333,1.5416666666666667,2023,1,Winter
2023-02-01,1.9591666666666665,13.634583333333333,1.5833333333333333,2023,2,Winter
2023-02-02,2.7279166666666668,15.746250000000002,1.0833333333333333,2023,2,Winter
2023-02-03,2.345833333333333,18.77958333333333,1.625,2023,2,Winter
2023-02-04,6.23,30.038749999999997,1.0833333333333333,2023,2,Winter
2023-02-05,5.605833333333333,23.83375,1.2916666666666667,2023,2,Winter
2023-02-06,35.85375,65.78916666666667,2.9166666666666665,2023,2,Winter
2023-02-07,50.34791666666666,75.00083333333333,3.625,2023,2,Winter
2023-02-08,47.62083333333334,62.690416666666664,3.375,2023,2,Winter
2023-02-09,19.12666666666667,46.611250000000005,2.3333333333333335,2023,2,Winter
2023-02-10,14.499583333333334,42.39833333333333,1.8333333333333333,2023,2,Winter
2023-02-11,12.249583333333334,29.23375,1.625,2023,2,Winter
2023-02-12,26.651666666666667,46.46083333333333,2.5416666666666665,2023,2,Winter
2023-02-13,22.9275,48.26833333333334,2.375,2023,2,Winter
2023-02-14,47.42958333333333,56.69333333333333,3.4583333333333335,2023,2,Winter
2023-02-15,38.018750000000004,42.64083333333333,2.9166666666666665,2023,2,Winter
2023-02-16,5.2283333333333335,23.71166666666667,1.2083333333333333,2023,2,Winter
2023-02-17,2.8045833333333334,12.362499999999999,1.7083333333333333,2023,2,Winter
2023-02-18,2.2191666666666667,8.408333333333333,1.9166666666666667,2023,2,Winter
2023-02-19,1.8966666666666665,11.188333333333333,1.5416666666666667,2023,2,Winter
2023-02-20,1.4104166666666667,13.015833333333333,1.8333333333333333,2023,2,Winter
2023-02-21,6.267083333333333,37.46458333333333,1.4166666666666667,2023,2,Winter
2023-02-22,11.702916666666667,44.06916666666667,1.7916666666666667,2023,2,Winter
2023-02-23,4.85,21.93,1.0,2023,2,Winter
2023-02-25,1.446521739130435,8.111304347826087,2.0,2023,2,Winter
2023-02-26,1.0908333333333333,9.992083333333333,1.8333333333333333,2023,2,Winter
2023-02-27,2.03875,15.947083333333333,1.6666666666666667,2023,2,Winter
2023-02-28,2.1466666666666665,12.284166666666666,1.875,2023,2,Winter
2023-03-01,2.3741666666666665,13.991666666666667,1.7916666666666667,2023,3,Spring
2023-03-02,9.134583333333333,15.090833333333334,1.7916666666666667,2023,3,Spring
2023-03-03,3.605833333333333,14.476666666666667,1.7916666666666667,2023,3,Spring
2023-03-04,4.27375,17.56833333333333,1.9583333333333333,2023,3,Spring
2023-03-05,10.924583333333333,26.76875,1.6666666666666667,2023,3,Spring
2023-03-06,6.010833333333333,26.304999999999996,1.5416666666666667,2023,3,Spring
2023-03-07,8.5975,33.24375,1.5416666666666667,2023,3,Spring
2023-03-08,5.147083333333334,26.34,1.125,2023,3,Spring
2023-03-09,7.36,33.030833333333334,1.4583333333333333,2023,3,Spring
2023-03-10,5.524583333333333,29.0475,1.5416666666666667,2023,3,Spring
2023-03-11,11.760416666666666,40.280833333333334,1.875,2023,3,Spring
2023-03-12,4.865416666666667,9.43,1.7083333333333333,2023,3,Spring
2023-03-13,3.373333333333333,6.5062500000000005,1.6666666666666667,2023,3,Spring
2023-03-14,1.52375,11.067083333333334,1.75,2023,3,Spring
2023-03-15,5.982499999999999,27.004583333333333,1.375,2023,3,Spring
2023-03-16,5.095,18.2225,1.5,2023,3,Spring
2023-03-17,8.763333333333334,26.440833333333334,1.5,2023,3,Spring
2023-03-18,4.107916666666667,22.80541666666667,1.0,2023,3,Spring
2023-03-19,2.872916666666667,18.332083333333333,1.4583333333333333,2023,3,Spring
2023-03-20,3.7741666666666664,18.203333333333333,1.1666666666666667,2023,3,Spring
2023-03-21,4.716666666666667,13.347499999999998,1.6666666666666667,2023,3,Spring
2023-03-22,3.064583333333333,9.6275,2.0,2023,3,Spring
2023-03-23,4.22,10.525416666666667,1.9583333333333333,2023,3,Spring
2023-03-24,2.6675,8.815,2.0,2023,3,Spring
2023-03-25,1.4483333333333333,8.17625,1.7916666666666667,2023,3,Spring
2023-03-26,3.1649999999999996,15.217083333333333,1.4583333333333333,2023,3,Spring
2023-03-27,12.796666666666667,39.406666666666666,2.0,2023,3,Spring
2023-03-28,4.190833333333333,18.917916666666667,1.625,2023,3,Spring
2023-03-29,5.915416666666666,16.454583333333336,1.5,2023,3,Spring
2023-03-30,3.92125,9.287083333333333,2.0,2023,3,Spring
2023-03-31,2.089166666666667,12.933749999999998,1.5,2023,3,Spring
2023-04-01,2.34125,10.37,1.2083333333333333,2023,4,Spring
2023-04-02,3.7329166666666667,6.742916666666667,2.25,2023,4,Spring
2023-04-03,8.19875,20.085416666666667,1.875,2023,4,Spring
2023-04-04,19.71291666666667,55.2225,2.2916666666666665,2023,4,Spring
2023-04-05,24.202083333333334,43.98374999999999,2.3333333333333335,2023,4,Spring
2023-04-06,5.52375,15.582500000000001,1.3333333333333333,2023,4,Spring
2023-04-07,9.51625,24.579583333333332,1.875,2023,4,Spring
2023-04-08,20.354166666666668,41.76916666666667,2.3333333333333335,2023,4,Spring
2023-04-09,14.692083333333334,26.400833333333335,2.125,2023,4,Spring
2023-04-10,5.94625,12.540000000000001,1.6666666666666667,2023,4,Spring
2023-04-11,1.4316666666666666,8.212916666666667,2.0,2023,4,Spring
2023-04-12,1.425,8.562916666666666,2.0,2023,4,Spring
2023-04-13,1.2079166666666667,11.36625,2.0,2023,4,Spring
2023-04-14,3.2933333333333334,25.622083333333332,1.3333333333333333,2023,4,Spring
2023-04-15,8.064166666666667,21.177083333333332,1.5833333333333333,2023,4,Spring
2023-04-16,23.770833333333332,41.92,2.5,2023,4,Spring
2023-04-17,15.52375,31.769166666666667,2.125,2023,4,Spring
2023-04-18,8.33375,8.848333333333334,1.875,2023,4,Spring
2023-04-19,12.315,10.20375,2.25,2023,4,Spring
2023-04-20,4.136666666666667,7.5129166666666665,2.25,2023,4,Spring
2023-04-21,13.615416666666667,29.464166666666667,1.8333333333333333,2023,4,Spring
2023-04-22,22.155833333333334,33.62375,2.5833333333333335,2023,4,Spring
2023-04-23,5.764583333333333,13.480416666666665,1.6666666666666667,2023,4,Spring
2023-04-24,4.805000000000001,12.972500000000002,1.875,2023,4,Spring
2023-04-25,3.2704166666666663,20.060416666666665,2.0,2023,4,Spring
2023-04-26,3.7154166666666666,26.235833333333332,1.6666666666666667,2023,4,Spring
2023-04-27,14.9625,27.146666666666665,2.0833333333333335,2023,4,Spring
2023-04-28,4.478750000000001,18.065833333333334,1.2083333333333333,2023,4,Spring
2023-04-29,13.880416666666667,25.910833333333333,2.2916666666666665,2023,4,Spring
2023-04-30,13.073749999999999,25.68041666666667,2.1666666666666665,2023,4,Spring
2023-05-01,5.523333333333333,14.012083333333335,1.4583333333333333,2023,5,Spring
2023-05-02,3.142916666666667,15.989583333333334,1.5416666666666667,2023,5,Spring
2023-05-03,3.4745833333333334,12.859166666666667,2.0416666666666665,2023,5,Spring
2023-05-04,15.126249999999999,16.672916666666666,1.9166666666666667,2023,5,Spring
2023-05-05,3.1945833333333336,15.965416666666668,1.4166666666666667,2023,5,Spring
2023-05-06,5.8675,19.114583333333332,1.5833333333333333,2023,5,Spring
2023-05-07,4.750416666666667,18.234166666666667,1.2916666666666667,2023,5,Spring
2023-05-08,3.276666666666667,18.80666666666667,1.3333333333333333,2023,5,Spring
2023-05-09,1.7708333333333333,14.454583333333332,1.1666666666666667,2023,5,Spring
2023-05-10,3.5545833333333334,14.989583333333334,1.2083333333333333,2023,5,Spring
2023-05-11,5.232916666666667,21.369583333333335,1.0,2023,5,Spring
2023-05-12,3.0545833333333334,6.772083333333334,1.7083333333333333,2023,5,Spring
2023-05-13,5.244583333333334,5.7625,2.0,2023,5,Spring
2023-05-14,4.376666666666667,15.079583333333334,1.4166666666666667,2023,5,Spring
2023-05-15,2.1687499999999997,11.467916666666667,1.4166666666666667,2023,5,Spring
2023-05-16,2.450416666666667,13.370833333333332,1.5,2023,5,Spring
2023-05-17,4.032916666666666,17.767083333333336,1.5,2023,5,Spring
2023-05-18,7.97625,35.46541666666666,1.7083333333333333,2023,5,Spring
2023-05-19,5.750416666666666,27.778750000000002,1.5,2023,5,Spring
2023-05-20,4.238333333333333,5.896249999999999,2.2083333333333335,2023,5,Spring
2023-05-21,5.202916666666667,4.860833333333333,2.3333333333333335,2023,5,Spring
2023-05-22,4.057083333333334,6.817916666666666,2.1666666666666665,2023,5,Spring
2023-05-23,2.779166666666667,14.67375,1.7083333333333333,2023,5,Spring
2023-05-24,5.496666666666666,24.215833333333332,1.9583333333333333,2023,5,Spring
2023-05-25,7.282916666666666,15.277083333333332,2.1666666666666665,2023,5,Spring
2023-05-26,4.5408333333333335,8.197916666666666,2.25,2023,5,Spring
2023-05-27,5.432083333333334,13.32625,2.25,2023,5,Spring
2023-05-28,4.887083333333334,13.21625,1.9583333333333333,2023,5,Spring
2023-05-29,2.2495833333333333,5.044583333333334,2.0,2023,5,Spring
2023-05-30,1.93,4.740833333333334,2.125,2023,5,Spring
2023-05-31,2.2591666666666668,5.264583333333333,2.0,2023,5,Spring
2023-06-01,1.72625,4.803333333333334,2.2916666666666665,2023,6,Summer
2023-06-02,2.1445833333333333,4.849583333333333,2.125,2023,6,Summer
2023-06-03,4.2475,5.308333333333334,2.1666666666666665,2023,6,Summer
2023-06-04,3.5620833333333333,5.56,2.0833333333333335,2023,6,Summer
2023-06-05,1.67375,5.607083333333333,2.0,2023,6,Summer
2023-06-06,1.3841666666666665,5.545416666666667,2.0,2023,6,Summer
2023-06-07,2.9166666666666665,6.711666666666667,2.3333333333333335,2023,6,Summer
2023-06-08,3.0229166666666667,6.769166666666667,2.25,2023,6,Summer
2023-06-09,7.577500000000001,7.966666666666666,2.7083333333333335,2023,6,Summer
2023-06-10,13.455416666666666,11.11625,3.0833333333333335,2023,6,Summer
2023-06-11,15.272083333333333,23.27208333333333,2.4583333333333335,2023,6,Summer
2023-06-12,24.56583333333333,30.105833333333333,2.7916666666666665,2023,6,Summer
2023-06-13,11.344583333333333,9.859166666666667,2.75,2023,6,Summer
2023-06-14,9.190416666666666,10.99125,2.5,2023,6,Summer
2023-06-15,9.8925,14.551666666666668,2.5,2023,6,Summer
2023-06-16,8.944583333333334,20.462083333333336,2.4166666666666665,2023,6,Summer
2023-06-17,12.689583333333333,21.838333333333335,2.4166666666666665,2023,6,Summer
2023-06-18,14.51375,25.854583333333334,1.7916666666666667,2023,6,Summer
2023-06-19,5.362916666666667,16.715416666666666,1.625,2023,6,Summer
2023-06-20,5.957083333333333,22.151666666666667,1.5833333333333333,2023,6,Summer
2023-06-21,4.860833333333333,13.51375,1.625,2023,6,Summer
2023-06-22,7.750416666666666,17.7425,1.7916666666666667,2023,6,Summer
2023-06-23,7.548333333333333,16.495833333333334,2.0833333333333335,2023,6,Summer
2023-06-24,4.562916666666667,11.2525,1.4166666666666667,2023,6,Summer
2023-06-25,5.13875,9.300416666666667,2.0,2023,6,Summer
2023-06-26,1.9100000000000001,7.375,1.5833333333333333,2023,6,Summer
2023-06-27,2.231666666666667,10.481250000000001,1.4583333333333333,2023,6,Summer
2023-06-28,2.8845833333333335,11.691666666666668,1.25,2023,6,Summer
2023-06-29,3.5095833333333335,16.828333333333333,1.4583333333333333,2023,6,Summer
2023-06-30,3.983333333333333,16.086666666666666,1.2916666666666667,2023,6,Summer
2023-07-01,3.2120833333333336,3.939583333333333,1.4583333333333333,2023,7,Summer
2023-07-02,3.0375,4.1137500000000005,1.5833333333333333,2023,7,Summer
2023-07-03,2.38875,5.04375,1.2916666666666667,2023,7,Summer
2023-07-04,2.94,10.189166666666667,1.0833333333333333,2023,7,Summer
2023-07-05,1.7395833333333333,6.38625,1.375,2023,7,Summer
2023-07-06,3.561666666666667,9.769583333333333,1.4166666666666667,2023,7,Summer
2023-07-07,6.01125,18.823333333333334,1.8333333333333333,2023,7,Summer
2023-07-08,4.097916666666666,12.698333333333332,1.3333333333333333,2023,7,Summer
2023-07-09,5.139583333333333,12.255416666666667,1.5416666666666667,2023,7,Summer
2023-07-10,5.664583333333333,10.344583333333333,1.5833333333333333,2023,7,Summer
2023-07-11,4.095,7.404166666666666,1.7916666666666667,2023,7,Summer
2023-07-12,2.6483333333333334,6.331666666666667,1.375,2023,7,Summer
2023-07-13,2.3995833333333336,8.9125,1.5416666666666667,2023,7,Summer
2023-07-14,3.8800000000000003,14.20125,1.4583333333333333,2023,7,Summer
2023-07-15,4.621666666666667,4.7612499999999995,1.625,2023,7,Summer
2023-07-16,2.1341666666666668,4.354166666666667,1.0,2023,7,Summer
2023-07-17,2.9299999999999997,7.820416666666667,1.2916666666666667,2023,7,Summer
2023-07-18,3.6041666666666665,13.645000000000001,1.5,2023,7,Summer
2023-07-19,4.2975,11.083333333333334,1.5,2023,7,Summer
2023-07-20,3.0749999999999997,12.275416666666667,1.375,2023,7,Summer
2023-07-21,2.3870833333333334,13.459583333333333,1.25,2023,7,Summer
2023-07-22,2.0208333333333335,8.018749999999999,1.5416666666666667,2023,7,Summer
2023-07-23,2.645,5.205,1.25,2023,7,Summer
2023-07-24,3.6445833333333333,8.670416666666666,1.3333333333333333,2023,7,Summer
2023-07-25,2.4833333333333334,11.08,1.375,2023,7,Summer
2023-07-26,2.2604166666666665,11.292499999999999,1.3333333333333333,2023,7,Summer
2023-07-27,2.4025000000000003,7.458333333333333,1.0,2023,7,Summer
2023-07-28,4.255,9.357083333333334,1.0416666666666667,2023,7,Summer
2023-07-29,4.735416666666667,5.554583333333333,1.3333333333333333,2023,7,Summer
2023-07-30,4.290416666666666,4.329583333333333,1.125,2023,7,Summer
2023-07-31,2.84375,5.65875,1.4583333333333333,2023,7,Summer
2023-08-01,2.9125,8.897916666666667,1.125,2023,8,Summer
2023-08-02,4.104583333333333,10.28125,1.0416666666666667,2023,8,Summer
2023-08-03,2.3995833333333336,9.366249999999999,1.2916666666666667,2023,8,Summer
2023-08-04,3.2529166666666662,14.77875,1.1666666666666667,2023,8,Summer
2023-08-05,2.72875,17.694166666666668,1.0,2023,8,Summer
2023-08-06,1.4333333333333333,6.569583333333333,1.3333333333333333,2023,8,Summer
2023-08-07,2.1716666666666664,9.553333333333333,1.0833333333333333,2023,8,Summer
2023-08-08,2.845833333333333,15.85875,1.0,2023,8,Summer
2023-08-09,5.454166666666667,20.952083333333334,1.5416666666666667,2023,8,Summer
2023-08-10,10.439166666666667,18.6675,2.0,2023,8,Summer
2023-08-11,6.204583333333333,12.609166666666667,1.125,2023,8,Summer
2023-08-12,8.374583333333334,7.274583333333333,1.625,2023,8,Summer
2023-08-13,8.661666666666667,7.155833333333334,1.9166666666666667,2023,8,Summer
2023-08-14,5.860833333333333,13.329583333333332,1.6666666666666667,2023,8,Summer
2023-08-15,3.12375,15.151666666666666,1.1666666666666667,2023,8,Summer
2023-08-16,8.258750000000001,18.57166666666667,1.5,2023,8,Summer
2023-08-17,4.742916666666667,10.203333333333333,1.8333333333333333,2023,8,Summer
2023-08-18,9.53625,15.47625,1.875,2023,8,Summer
2023-08-19,6.391666666666667,7.060416666666666,1.8333333333333333,2023,8,Summer
2023-08-20,6.854166666666667,9.665000000000001,1.7083333333333333,2023,8,Summer
2023-08-21,6.84,14.191249999999998,1.6666666666666667,2023,8,Summer
2023-08-22,2.9754166666666664,11.441666666666668,1.4166666666666667,2023,8,Summer
2023-08-23,7.569166666666667,29.47458333333333,1.875,2023,8,Summer
2023-08-24,10.22625,30.78833333333333,1.7916666666666667,2023,8,Summer
2023-08-25,2.1395833333333334,12.344583333333333,1.4583333333333333,2023,8,Summer
2023-08-26,1.7345833333333334,12.505416666666667,1.0833333333333333,2023,8,Summer
2023-08-27,1.7829166666666667,7.74625,1.0833333333333333,2023,8,Summer
2023-08-28,2.26625,13.393749999999999,1.25,2023,8,Summer
2023-08-29,4.062916666666667,20.253333333333334,1.25,2023,8,Summer
2023-08-30,2.2525,10.726666666666667,1.25,2023,8,Summer
2023-08-31,5.472083333333334,27.25333333333333,1.2083333333333333,2023,8,Summer
2023-09-01,11.564583333333333,39.357083333333335,1.625,2023,9,Autumn
2023-09-02,8.998333333333333,16.125833333333333,1.5,2023,9,Autumn
2023-09-03,10.416666666666666,25.247083333333332,1.9583333333333333,2023,9,Autumn
2023-09-04,21.81958333333333,23.24875,2.7083333333333335,2023,9,Autumn
2023-09-05,29.830416666666668,26.250416666666666,3.0,2023,9,Autumn
2023-09-06,32.23041666666666,46.22541666666667,3.2083333333333335,2023,9,Autumn
2023-09-07,35.49,35.39333333333333,3.375,2023,9,Autumn
2023-09-08,46.96625,73.995,3.6666666666666665,2023,9,Autumn
2023-09-09,37.7825,55.838750000000005,3.25,2023,9,Autumn
2023-09-10,35.98833333333334,36.17916666666667,2.9166666666666665,2023,9,Autumn
2023-09-11,13.635416666666666,18.981666666666666,1.9166666666666667,2023,9,Autumn
2023-09-12,4.0808333333333335,19.374583333333334,1.0833333333333333,2023,9,Autumn
2023-09-13,4.239583333333333,23.519166666666667,1.5,2023,9,Autumn
2023-09-14,8.332083333333333,33.236666666666665,1.7916666666666667,2023,9,Autumn
2023-09-15,17.5225,47.39625,2.4166666666666665,2023,9,Autumn
2023-09-16,13.611666666666666,24.272499999999997,2.0,2023,9,Autumn
2023-09-17,10.450833333333334,14.144166666666665,1.9583333333333333,2023,9,Autumn
2023-09-18,3.4912500000000004,11.903333333333334,1.25,2023,9,Autumn
2023-09-19,3.1487499999999997,6.4991666666666665,1.5833333333333333,2023,9,Autumn
2023-09-20,2.73,9.18,1.8333333333333333,2023,9,Autumn
2023-09-21,4.172916666666667,24.504166666666666,1.125,2023,9,Autumn
2023-09-22,3.5500000000000003,17.42875,1.0833333333333333,2023,9,Autumn
2023-09-23,2.0883333333333334,12.524999999999999,1.2083333333333333,2023,9,Autumn
2023-09-24,2.6095833333333336,8.345833333333333,1.9583333333333333,2023,9,Autumn
2023-09-25,6.634166666666666,16.230416666666667,1.7083333333333333,2023,9,Autumn
2023-09-26,8.02125,19.574166666666667,1.5416666666666667,2023,9,Autumn
2023-09-27,9.17375,20.909166666666668,1.9583333333333333,2023,9,Autumn
2023-09-28,5.2195833333333335,12.185833333333333,1.625,2023,9,Autumn
2023-09-29,3.2945833333333336,13.85125,1.3333333333333333,2023,9,Autumn
2023-09-30,3.41,22.96,1.0,2023,9,Autumn
2023-10-01,7.4195652173913045,19.16913043478261,1.6521739130434783,2023,10,Autumn
2023-10-02,11.015833333333333,35.25125,1.75,2023,10,Autumn
2023-10-03,3.6045833333333337,12.940833333333332,1.25,2023,10,Autumn
2023-10-04,2.8204166666666666,13.832500000000001,1.125,2023,10,Autumn
2023-10-05,3.04125,15.172916666666666,1.625,2023,10,Autumn
2023-10-06,4.710416666666666,13.89125,1.6666666666666667,2023,10,Autumn
2023-10-07,4.95125,15.287083333333333,1.4583333333333333,2023,10,Autumn
2023-10-08,11.525,31.530416666666667,1.75,2023,10,Autumn
2023-10-09,15.858333333333333,37.964999999999996,2.125,2023,10,Autumn
2023-10-10,13.017916666666666,25.433333333333334,1.8333333333333333,2023,10,Autumn
2023-10-11,15.55625,16.592916666666667,2.0833333333333335,2023,10,Autumn
2023-10-12,7.68,26.082916666666666,1.25,2023,10,Autumn
2023-10-13,5.16125,10.620416666666667,1.7083333333333333,2023,10,Autumn
2023-10-14,1.6283333333333332,13.767916666666666,1.0833333333333333,2023,10,Autumn
2023-10-15,5.7437499999999995,21.25125,1.5416666666666667,2023,10,Autumn
2023-10-16,6.34375,36.37083333333333,1.4583333333333333,2023,10,Autumn
2023-10-17,5.708749999999999,18.528333333333332,1.5,2023,10,Autumn
2023-10-18,9.265833333333333,18.59,1.5416666666666667,2023,10,Autumn
2023-10-19,2.7675,16.35291666666667,1.25,2023,10,Autumn
2023-10-20,4.113333333333333,25.962083333333336,1.0833333333333333,2023,10,Autumn
2023-10-21,3.8191666666666664,19.127916666666668,1.0,2023,10,Autumn
2023-10-22,4.269166666666666,25.6075,1.25,2023,10,Autumn
2023-10-23,6.065,31.745833333333334,1.2083333333333333,2023,10,Autumn
2023-10-24,7.565833333333334,35.047916666666666,1.5833333333333333,2023,10,Autumn
2023-10-25,12.308749999999998,31.039166666666663,1.625,2023,10,Autumn
2023-10-26,6.07125,32.98666666666667,1.3333333333333333,2023,10,Autumn
2023-10-27,5.3812500000000005,31.409166666666668,1.375,2023,10,Autumn
2023-10-28,1.0450000000000002,12.381666666666668,1.5,2023,10,Autumn
2023-10-29,0.7995833333333334,9.062083333333334,2.0,2023,10,Autumn
2023-10-30,2.94125,25.35166666666667,1.6666666666666667,2023,10,Autumn
2023-10-31,6.197500000000001,31.495833333333334,1.375,2023,10,Autumn
2023-11-01,1.1333333333333333,12.512500000000001,1.625,2023,11,Autumn
2023-11-02,1.4329166666666666,15.338333333333333,1.5,2023,11,Autumn
2023-11-03,1.4291666666666665,17.464583333333334,1.375,2023,11,Autumn
2023-11-04,2.03375,20.581666666666667,1.2916666666666667,2023,11,Autumn
2023-11-05,2.86125,16.953333333333333,1.125,2023,11,Autumn
2023-11-06,1.185,16.34375,1.1666666666666667,2023,11,Autumn
2023-11-07,1.6820833333333332,20.102083333333333,1.0,2023,11,Autumn
2023-11-08,2.200416666666667,24.075833333333332,1.6666666666666667,2023,11,Autumn
2023-11-09,1.4866666666666666,17.986666666666668,1.2916666666666667,2023,11,Autumn
2023-11-10,2.5716666666666668,23.54125,1.25,2023,11,Autumn
2023-11-11,7.7437499999999995,26.38208333333333,1.4583333333333333,2023,11,Autumn
2023-11-12,6.3500000000000005,37.58583333333333,1.5416666666666667,2023,11,Autumn
2023-11-13,1.7945833333333334,11.897083333333335,1.6666666666666667,2023,11,Autumn
2023-11-14,1.0608333333333333,12.087916666666667,1.5,2023,11,Autumn
2023-11-15,1.8770833333333332,19.202916666666667,1.4583333333333333,2023,11,Autumn
2023-11-16,9.735,43.8975,1.7083333333333333,2023,11,Autumn
2023-11-17,5.859166666666667,39.42791666666667,1.4166666666666667,2023,11,Autumn
2023-11-18,2.51375,14.719166666666666,1.2916666666666667,2023,11,Autumn
2023-11-19,2.1558333333333333,6.259583333333333,2.0,2023,11,Autumn
2023-11-20,4.4325,24.344166666666666,1.4583333333333333,2023,11,Autumn
2023-11-21,1.4775,14.177083333333334,1.0,2023,11,Autumn
2023-11-22,6.271666666666667,30.580416666666668,1.2916666666666667,2023,11,Autumn
2023-11-23,1.6491666666666667,11.3775,1.5,2023,11,Autumn
2023-11-24,1.6083333333333334,13.677083333333334,1.6666666666666667,2023,11,Autumn
2023-11-25,5.415,27.2675,1.2083333333333333,2023,11,Autumn
2023-11-26,12.366666666666667,42.19833333333333,1.7916666666666667,2023,11,Autumn
2023-11-27,1.7095833333333335,15.33375,1.0,2023,11,Autumn
2023-11-28,2.840833333333333,26.811666666666667,1.25,2023,11,Autumn
2023-11-29,12.939166666666667,40.685,1.7083333333333333,2023,11,Autumn
2023-11-30,5.346666666666667,25.911666666666665,1.4166666666666667,2023,11,Autumn
2023-12-01,4.380833333333333,26.36125,1.0833333333333333,2023,12,Winter
2023-12-02,13.162083333333333,45.99625,1.7083333333333333,2023,12,Winter
2023-12-03,5.804166666666667,37.489583333333336,1.4583333333333333,2023,12,Winter
2023-12-04,2.952083333333333,21.324166666666667,1.1666666666666667,2023,12,Winter
2023-12-05,2.9975,18.828333333333333,1.0416666666666667,2023,12,Winter
2023-12-06,15.09625,44.62583333333333,1.8333333333333333,2023,12,Winter
2023-12-07,3.37125,20.605833333333333,1.0,2023,12,Winter
2023-12-08,2.6954166666666666,24.78375,1.0833333333333333,2023,12,Winter
2023-12-09,1.27375,9.062916666666666,1.875,2023,12,Winter
2023-12-10,1.8783333333333332,10.335833333333333,1.6666666666666667,2023,12,Winter
2023-12-11,5.928333333333334,27.347083333333334,1.6666666666666667,2023,12,Winter
2023-12-12,3.107083333333333,26.8325,1.125,2023,12,Winter
2023-12-13,1.9408333333333332,14.289583333333333,1.0,2023,12,Winter
2023-12-14,6.217083333333334,37.18625,1.4583333333333333,2023,12,Winter
2023-12-15,6.1575,37.3925,1.5416666666666667,2023,12,Winter
2023-12-16,2.6962499999999996,16.361666666666668,1.0,2023,12,Winter
2023-12-17,3.2129166666666666,13.176250000000001,1.2916666666666667,2023,12,Winter
2023-12-18,3.7741666666666664,14.719583333333333,1.625,2023,12,Winter
2023-12-19,2.4949999999999997,15.585833333333333,1.2916666666666667,2023,12,Winter
2023-12-20,1.4354166666666668,10.11875,1.75,2023,12,Winter
2023-12-21,1.5920833333333333,6.171250000000001,2.0,2023,12,Winter
2023-12-22,1.5775,6.642916666666667,2.0,2023,12,Winter
2023-12-23,1.2570833333333333,7.859999999999999,2.0,2023,12,Winter
2023-12-24,1.6429166666666666,5.40875,2.0,2023,12,Winter
2023-12-25,2.6166666666666667,9.692083333333334,1.75,2023,12,Winter
2023-12-26,10.755,33.64125,2.0,2023,12,Winter
2023-12-27,2.6233333333333335,13.765833333333333,1.5833333333333333,2023,12,Winter
2023-12-28,0.95125,7.322500000000001,2.0,2023,12,Winter
2023-12-29,0.7908333333333334,11.032499999999999,1.3333333333333333,2023,12,Winter
2023-12-30,1.0483333333333333,11.830833333333333,1.5833333333333333,2023,12,Winter
2023-12-31,0.6258333333333334,6.770833333333333,2.0,2023,12,Winter
2024-01-01,0.9445833333333334,12.52875,1.7083333333333333,2024,1,Winter
2024-01-02,1.8633333333333333,11.549166666666666,1.75,2024,1,Winter
2024-01-03,1.03125,13.795,1.5,2024,1,Winter
2024-01-04,2.37,27.202916666666667,1.3333333333333333,2024,1,Winter
2024-01-05,3.47125,20.550833333333333,1.125,2024,1,Winter
2024-01-06,4.09,20.052083333333332,1.0,2024,1,Winter
2024-01-07,0.7020833333333334,7.84125,1.875,2024,1,Winter
2024-01-08,0.9266666666666666,9.6075,1.875,2024,1,Winter
2024-01-09,2.77,13.37,1.0,2024,1,Winter
2024-01-10,3.758695652173913,14.29391304347826,1.826086956521739,2024,1,Winter
2024-01-11,5.45,15.15125,1.5,2024,1,Winter
2024-01-12,4.027083333333334,21.594166666666666,1.5416666666666667,2024,1,Winter
2024-01-13,8.505416666666667,33.77291666666667,1.4583333333333333,2024,1,Winter
2024-01-14,4.345833333333333,20.197083333333335,1.125,2024,1,Winter
2024-01-15,4.03,25.525833333333335,1.2916666666666667,2024,1,Winter
2024-01-16,9.410833333333334,54.03708333333333,1.9166666666666667,2024,1,Winter
2024-01-17,18.71708333333333,51.32333333333333,2.25,2024,1,Winter
2024-01-18,6.2370833333333335,34.27333333333333,1.3333333333333333,2024,1,Winter
2024-01-19,5.194166666666667,37.32875,1.5,2024,1,Winter
2024-01-20,4.931666666666667,17.861250000000002,1.1666666666666667,2024,1,Winter
2024-01-21,2.8066666666666666,7.859583333333333,2.0,2024,1,Winter
2024-01-22,1.3516666666666666,6.565,2.0,2024,1,Winter
2024-01-23,2.49875,13.502083333333333,1.3333333333333333,2024,1,Winter
2024-01-24,2.19625,14.345416666666667,1.875,2024,1,Winter
2024-01-25,4.362916666666667,29.180833333333336,1.375,2024,1,Winter
2024-01-26,2.4408333333333334,23.64625,2.0,2024,1,Winter
2024-01-27,6.420833333333333,37.114583333333336,1.4583333333333333,2024,1,Winter
2024-01-28,12.643333333333333,34.67333333333333,1.625,2024,1,Winter
2024-01-29,11.436250000000001,29.77416666666667,1.7916666666666667,2024,1,Winter
2024-01-30,6.552083333333333,27.875416666666666,1.4583333333333333,2024,1,Winter
2024-01-31,9.859583333333333,32.727916666666665,2.0,2024,1,Winter
2024-02-01,3.8554166666666667,29.977500000000003,1.5416666666666667,2024,2,Winter
2024-02-02,1.9566666666666668,13.870416666666666,1.4583333333333333,2024,2,Winter
2024-02-03,2.7687500000000003,10.18625,1.2916666666666667,2024,2,Winter
2024-02-04,1.5737500000000002,7.68625,1.9166666666666667,2024,2,Winter
2024-02-05,1.79625,9.180416666666666,2.0,2024,2,Winter
2024-02-06,0.8816666666666667,8.128333333333332,1.9583333333333333,2024,2,Winter
2024-02-07,6.552499999999999,38.47208333333334,1.4583333333333333,2024,2,Winter
2024-02-08,7.246666666666666,34.7575,1.6666666666666667,2024,2,Winter
2024-02-09,1.5070833333333333,15.540416666666667,1.5833333333333333,2024,2,Winter
2024-02-10,5.117083333333333,39.14875,1.4583333333333333,2024,2,Winter
2024-02-11,7.132916666666667,31.652916666666666,1.4166666666666667,2024,2,Winter
2024-02-12,2.7395833333333335,26.604583333333334,1.375,2024,2,Winter
2024-02-13,1.9754166666666666,19.692083333333333,1.4583333333333333,2024,2,Winter
2024-02-14,2.2720833333333332,16.186666666666667,1.125,2024,2,Winter
2024-02-15,5.307916666666666,29.54625,1.25,2024,2,Winter
2024-02-16,3.706666666666667,25.769166666666667,1.0,2024,2,Winter
2024-02-17,4.7716666666666665,26.424583333333334,1.25,2024,2,Winter
2024-02-18,1.9916666666666665,13.84875,1.375,2024,2,Winter
2024-02-19,2.56,20.096666666666668,1.375,2024,2,Winter
2024-02-20,3.7929166666666667,22.577083333333334,1.4166666666666667,2024,2,Winter
2024-02-21,2.566666666666667,13.15125,1.8333333333333333,2024,2,Winter
2024-02-22,1.81125,13.063333333333333,1.625,2024,2,Winter
2024-02-23,1.99875,26.076666666666668,1.625,2024,2,Winter
2024-02-24,11.5075,53.015416666666674,2.0833333333333335,2024,2,Winter
2024-02-25,11.494583333333333,37.653749999999995,1.7083333333333333,2024,2,Winter
2024-02-26,1.5954166666666667,7.21875,1.875,2024,2,Winter
2024-02-27,4.9799999999999995,27.35375,1.25,2024,2,Winter
2024-02-28,7.682083333333334,31.881666666666664,1.375,2024,2,Winter
2024-02-29,2.7708333333333335,22.9475,1.5833333333333333,2024,2,Winter
2024-03-01,1.2908333333333333,15.887916666666667,1.75,2024,3,Spring
2024-03-02,3.4095833333333334,26.060000000000002,2.0833333333333335,2024,3,Spring
2024-03-03,12.582500000000001,53.51541666666666,2.1666666666666665,2024,3,Spring
2024-03-04,7.547499999999999,33.779583333333335,1.9583333333333333,2024,3,Spring
2024-03-05,6.165416666666666,34.72708333333333,1.4583333333333333,2024,3,Spring
2024-03-06,14.745416666666666,45.739583333333336,2.0833333333333335,2024,3,Spring
2024-03-07,24.4225,30.823333333333334,2.375,2024,3,Spring
2024-03-08,19.672916666666666,21.734583333333333,2.0,2024,3,Spring
2024-03-09,12.325416666666667,16.649583333333336,1.8333333333333333,2024,3,Spring
2024-03-10,6.541250000000001,26.204583333333332,1.625,2024,3,Spring
2024-03-11,18.061249999999998,20.527916666666666,2.2083333333333335,2024,3,Spring
2024-03-12,5.8620833333333335,22.931250000000002,1.4166666666666667,2024,3,Spring
2024-03-13,2.7420833333333334,11.805,1.8333333333333333,2024,3,Spring
2024-03-14,3.920833333333333,14.677083333333334,1.4583333333333333,2024,3,Spring
2024-03-15,1.18375,11.110416666666666,1.7916666666666667,2024,3,Spring
2024-03-16,6.85125,23.68625,1.3333333333333333,2024,3,Spring
2024-03-17,2.8625000000000003,18.042083333333334,1.0,2024,3,Spring
2024-03-18,2.4491666666666667,17.742916666666666,1.4583333333333333,2024,3,Spring
2024-03-19,3.19,20.753333333333334,1.9166666666666667,2024,3,Spring
2024-03-20,10.892916666666666,42.562083333333334,1.6666666666666667,2024,3,Spring
2024-03-21,8.233749999999999,23.184166666666666,1.2916666666666667,2024,3,Spring
2024-03-22,2.3937500000000003,15.79,1.5833333333333333,2024,3,Spring
2024-03-23,0.6683333333333333,6.146249999999999,2.0,2024,3,Spring
2024-03-24,2.124166666666667,15.886249999999999,1.9583333333333333,2024,3,Spring
2024-03-25,6.428333333333334,31.801666666666666,1.9583333333333333,2024,3,Spring
2024-03-26,10.938333333333333,30.737916666666667,1.7083333333333333,2024,3,Spring
2024-03-27,1.4466666666666665,17.22125,1.9166666666666667,2024,3,Spring
2024-03-28,0.7266666666666667,7.716666666666666,2.0,2024,3,Spring
2024-03-29,1.14625,11.387916666666667,1.9166666666666667,2024,3,Spring
2024-03-30,5.56625,37.87166666666666,1.7916666666666667,2024,3,Spring
2024-03-31,6.830000000000001,23.48,1.25,2024,3,Spring
2024-04-01,5.0183333333333335,19.925,1.75,2024,4,Spring
2024-04-02,1.2854166666666667,14.886666666666668,1.7916666666666667,2024,4,Spring
2024-04-03,1.1741666666666666,9.67,2.0,2024,4,Spring
2024-04-04,1.1645833333333333,11.49125,1.9166666666666667,2024,4,Spring
2024-04-05,2.3958333333333335,10.751666666666667,2.0,2024,4,Spring
2024-04-06,3.0883333333333334,8.050833333333333,2.2916666666666665,2024,4,Spring
2024-04-07,1.9545833333333331,5.610833333333333,2.4166666666666665,2024,4,Spring
2024-04-08,3.8470833333333334,18.767916666666668,1.6666666666666667,2024,4,Spring
2024-04-09,0.8029166666666666,6.690416666666667,2.0,2024,4,Spring
2024-04-10,2.652083333333333,17.50375,1.875,2024,4,Spring
2024-04-11,3.5533333333333332,12.909999999999998,1.5,2024,4,Spring
2024-04-12,3.9883333333333333,11.681666666666667,2.0,2024,4,Spring
2024-04-13,4.528333333333333,10.624583333333334,1.9583333333333333,2024,4,Spring
2024-04-14,1.5079166666666666,9.720833333333333,1.875,2024,4,Spring
2024-04-15,0.62625,4.99125,2.5,2024,4,Spring
2024-04-16,1.4658333333333333,14.235833333333334,2.0,2024,4,Spring
2024-04-17,1.1204166666666666,8.14875,2.0,2024,4,Spring
2024-04-18,1.82,10.728333333333333,1.9166666666666667,2024,4,Spring
2024-04-19,0.9404166666666667,6.604166666666667,2.0833333333333335,2024,4,Spring
2024-04-20,1.34875,10.105833333333333,1.9583333333333333,2024,4,Spring
2024-04-21,1.3608333333333331,6.797499999999999,2.0833333333333335,2024,4,Spring
2024-04-22,2.893333333333333,15.640833333333333,1.875,2024,4,Spring
2024-04-23,5.145416666666667,21.259583333333335,1.875,2024,4,Spring
2024-04-24,3.018333333333333,19.038333333333334,1.9583333333333333,2024,4,Spring
2024-04-25,7.180833333333333,34.60125,2.1666666666666665,2024,4,Spring
2024-04-26,2.7779166666666666,21.770833333333332,1.4166666666666667,2024,4,Spring
2024-04-27,4.885416666666667,14.665833333333333,1.7083333333333333,2024,4,Spring
2024-04-28,7.1883333333333335,14.126249999999999,1.9583333333333333,2024,4,Spring
2024-04-29,2.518333333333333,16.44625,1.875,2024,4,Spring
2024-04-30,5.332083333333333,21.0125,1.7916666666666667,2024,4,Spring
2024-05-01,8.866249999999999,27.150000000000002,1.75,2024,5,Spring
2024-05-02,15.239583333333334,17.481666666666666,1.6666666666666667,2024,5,Spring
2024-05-03,1.1025,11.823749999999999,1.875,2024,5,Spring
2024-05-04,5.588333333333334,31.7375,1.5833333333333333,2024,5,Spring
2024-05-05,10.704166666666666,37.61708333333333,1.875,2024,5,Spring
2024-05-06,9.53375,19.62875,1.5,2024,5,Spring
2024-05-07,5.2025,10.20125,1.9583333333333333,2024,5,Spring
2024-05-08,9.352916666666667,32.58708333333333,2.0,2024,5,Spring
2024-05-09,12.589166666666666,28.728333333333335,2.375,2024,5,Spring
2024-05-10,13.74875,31.915833333333335,2.2083333333333335,2024,5,Spring
2024-05-11,15.034999999999998,16.550833333333333,2.2916666666666665,2024,5,Spring
2024-05-12,10.926666666666668,15.789583333333333,2.125,2024,5,Spring
2024-05-13,9.905416666666666,13.815416666666666,2.0416666666666665,2024,5,Spring
2024-05-14,2.8204166666666666,14.768749999999999,1.4166666666666667,2024,5,Spring
2024-05-15,2.81375,23.721666666666668,1.5,2024,5,Spring
2024-05-16,6.1125,19.28125,1.7083333333333333,2024,5,Spring
2024-05-17,7.04625,31.537499999999998,1.7916666666666667,2024,5,Spring
2024-05-18,8.617916666666666,16.15125,1.7916666666666667,2024,5,Spring
2024-05-19,10.947916666666666,6.615416666666667,2.2916666666666665,2024,5,Spring
2024-05-20,7.574583333333333,8.023333333333333,2.125,2024,5,Spring
2024-05-21,4.61,17.95416666666667,1.4166666666666667,2024,5,Spring
2024-05-22,3.30625,11.995,1.4166666666666667,2024,5,Spring
2024-05-23,0.935,8.54125,1.4583333333333333,2024,5,Spring
2024-05-24,3.877083333333333,26.197083333333335,1.625,2024,5,Spring
2024-05-25,8.085416666666667,20.409583333333334,2.0,2024,5,Spring
2024-05-26,1.6308333333333334,7.94125,1.625,2024,5,Spring
2024-05-27,0.835,9.564166666666667,1.5833333333333333,2024,5,Spring
2024-05-28,1.8724999999999998,10.957083333333335,1.6666666666666667,2024,5,Spring
2024-05-29,1.12875,8.672083333333333,1.375,2024,5,Spring
2024-05-30,0.9829166666666667,8.053333333333333,1.5416666666666667,2024,5,Spring
2024-05-31,1.25125,5.985416666666667,2.0,2024,5,Spring
2024-06-01,2.017916666666667,4.577083333333333,1.9583333333333333,2024,6,Summer
2024-06-02,3.6175,8.232916666666666,1.7083333333333333,2024,6,Summer
2024-06-03,2.5729166666666665,15.658333333333333,1.375,2024,6,Summer
2024-06-04,2.9625,12.78625,1.4166666666666667,2024,6,Summer
2024-06-05,1.6204166666666666,14.944166666666668,1.5833333333333333,2024,6,Summer
2024-06-06,1.7387500000000002,18.384583333333335,1.4583333333333333,2024,6,Summer
2024-06-07,1.3670833333333334,10.917083333333332,1.5416666666666667,2024,6,Summer
2024-06-08,0.9720833333333333,6.158333333333334,1.625,2024,6,Summer
2024-06-09,1.26625,8.57,1.4583333333333333,2024,6,Summer
2024-06-10,0.8408333333333333,8.322083333333333,1.3333333333333333,2024,6,Summer
2024-06-11,1.1766666666666665,10.232916666666666,1.375,2024,6,Summer
2024-06-12,2.6254166666666667,17.945833333333333,1.4583333333333333,2024,6,Summer
2024-06-13,2.285833333333333,14.863333333333335,1.5833333333333333,2024,6,Summer
2024-06-14,1.14125,6.550833333333333,1.875,2024,6,Summer
2024-06-15,0.7483333333333334,5.0925,1.75,2024,6,Summer
2024-06-16,1.1370833333333332,6.33875,1.7916666666666667,2024,6,Summer
2024-06-17,2.2841666666666667,19.04625,1.5416666666666667,2024,6,Summer
2024-06-18,3.3233333333333337,14.415833333333333,1.625,2024,6,Summer
2024-06-19,2.57625,8.553333333333333,1.875,2024,6,Summer
2024-06-20,3.0516666666666663,15.790833333333333,1.5833333333333333,2024,6,Summer
2024-06-21,5.89875,22.734583333333333,2.2083333333333335,2024,6,Summer
2024-06-22,1.3074999999999999,7.6187499999999995,1.6666666666666667,2024,6,Summer
2024-06-23,3.0170833333333333,18.673333333333336,1.7916666666666667,2024,6,Summer
2024-06-24,7.888333333333333,26.132499999999997,1.9166666666666667,2024,6,Summer
2024-06-25,13.244166666666667,29.978333333333335,2.75,2024,6,Summer
2024-06-26,13.1075,22.545416666666668,2.7083333333333335,2024,6,Summer
2024-06-27,5.36625,9.687083333333334,1.7083333333333333,2024,6,Summer
2024-06-28,1.7758333333333332,7.350833333333333,1.5,2024,6,Summer
2024-06-29,2.4204166666666667,10.729999999999999,1.7916666666666667,2024,6,Summer
2024-06-30,2.0395833333333333,7.732083333333333,1.4166666666666667,2024,6,Summer
2024-07-01,1.4891666666666667,7.68375,1.5,2024,7,Summer
2024-07-02,1.4508333333333334,8.347916666666666,1.25,2024,7,Summer
2024-07-03,1.6762499999999998,13.869166666666667,1.5416666666666667,2024,7,Summer
2024-07-04,1.2529166666666667,4.6450000000000005,1.4583333333333333,2024,7,Summer
2024-07-05,2.07875,7.48875,1.125,2024,7,Summer
2024-07-06,0.7270833333333333,5.1554166666666665,1.25,2024,7,Summer
2024-07-07,0.55375,6.662916666666667,1.125,2024,7,Summer
2024-07-08,1.6820833333333332,13.951666666666668,1.25,2024,7,Summer
2024-07-09,2.5316666666666667,13.847499999999998,1.0,2024,7,Summer
2024-07-10,2.585,7.344166666666666,1.7083333333333333,2024,7,Summer
2024-07-11,2.1475,10.210833333333333,1.4583333333333333,2024,7,Summer
2024-07-12,1.29,7.366666666666667,1.1666666666666667,2024,7,Summer
2024-07-13,1.58375,9.825,1.3333333333333333,2024,7,Summer
2024-07-14,2.3775,11.25,1.5,2024,7,Summer
2024-07-15,8.352916666666667,22.12625,1.75,2024,7,Summer
2024-07-16,2.7075,10.475,1.4166666666666667,2024,7,Summer
2024-07-17,3.82625,15.9975,1.4166666666666667,2024,7,Summer
2024-07-18,8.67,24.70125,2.0,2024,7,Summer
2024-07-19,10.944583333333334,20.350833333333334,2.2083333333333335,2024,7,Summer
2024-07-20,6.0995833333333325,12.825416666666667,1.2916666666666667,2024,7,Summer
2024-07-21,1.9391666666666667,7.57125,1.4583333333333333,2024,7,Summer
2024-07-22,2.2120833333333336,9.118333333333334,1.3333333333333333,2024,7,Summer
2024-07-23,3.43,10.8,1.0,2024,7,Summer
2024-07-25,2.426086956521739,12.400869565217393,1.1304347826086956,2024,7,Summer
2024-07-26,1.8891666666666664,10.826666666666666,1.2083333333333333,2024,7,Summer
2024-07-27,1.3020833333333333,12.456249999999999,1.3333333333333333,2024,7,Summer
2024-07-28,3.27125,17.304583333333333,1.625,2024,7,Summer
2024-07-29,8.114583333333334,17.920416666666668,2.3333333333333335,2024,7,Summer
2024-07-30,15.957500000000001,17.514583333333334,3.2916666666666665,2024,7,Summer
2024-07-31,12.2025,12.527083333333332,2.8333333333333335,2024,7,Summer
2024-08-01,11.925416666666665,35.3975,2.375,2024,8,Summer
2024-08-02,10.272916666666667,26.660833333333333,2.25,2024,8,Summer
2024-08-03,2.1774999999999998,7.736666666666667,1.5,2024,8,Summer
2024-08-04,1.90125,11.320833333333333,1.5416666666666667,2024,8,Summer
2024-08-05,5.886666666666667,-405.4220833333333,1.875,2024,8,Summer
2024-08-06,4.783333333333333,16.604166666666668,1.2916666666666667,2024,8,Summer
2024-08-07,1.6441666666666668,10.302083333333334,1.4583333333333333,2024,8,Summer
2024-08-08,3.23875,11.764166666666666,1.5833333333333333,2024,8,Summer
2024-08-09,2.3558333333333334,6.477916666666666,1.5416666666666667,2024,8,Summer
2024-08-10,3.4491666666666667,11.280833333333334,1.3333333333333333,2024,8,Summer
2024-08-11,6.457916666666667,-404.34875000000005,1.8333333333333333,2024,8,Summer
2024-08-12,10.197916666666666,12.62375,2.3333333333333335,2024,8,Summer
2024-08-13,4.01375,14.965000000000002,1.6666666666666667,2024,8,Summer
2024-08-14,3.7079166666666663,22.916666666666668,1.3333333333333333,2024,8,Summer
2024-08-15,3.2133333333333334,12.74875,1.5,2024,8,Summer
2024-08-16,4.830416666666667,17.834166666666665,1.6666666666666667,2024,8,Summer
2024-08-17,2.80625,10.42625,1.625,2024,8,Summer
2024-08-18,1.9466666666666665,10.018749999999999,1.625,2024,8,Summer
2024-08-19,4.06,16.715,1.875,2024,8,Summer
2024-08-20,1.9433333333333334,7.242083333333333,1.875,2024,8,Summer
2024-08-21,1.1220833333333333,7.864166666666667,1.5,2024,8,Summer
2024-08-22,2.71625,7.400833333333334,2.0,2024,8,Summer
2024-08-23,2.029166666666667,6.7754166666666675,2.0416666666666665,2024,8,Summer
2024-08-24,2.3279166666666664,10.88375,1.625,2024,8,Summer
2024-08-25,0.8758333333333334,6.125,1.5833333333333333,2024,8,Summer
2024-08-26,2.4575,9.726666666666667,2.0833333333333335,2024,8,Summer
2024-08-27,7.7375,20.202916666666667,1.625,2024,8,Summer
2024-08-28,19.999583333333334,43.555416666666666,2.25,2024,8,Summer
2024-08-29,12.041666666666666,15.463333333333333,2.0416666666666665,2024,8,Summer
2024-08-30,3.32,14.21125,1.5833333333333333,2024,8,Summer
2024-08-31,2.62875,5.4745833333333325,1.9583333333333333,2024,8,Summer
2024-09-01,10.15875,21.79125,1.9166666666666667,2024,9,Autumn
2024-09-02,13.462916666666667,28.418333333333333,2.0,2024,9,Autumn
2024-09-03,5.547499999999999,23.46875,1.375,2024,9,Autumn
2024-09-04,3.9812499999999997,15.81875,1.3333333333333333,2024,9,Autumn
2024-09-05,5.2437499999999995,12.327916666666667,1.2083333333333333,2024,9,Autumn
2024-09-06,19.246666666666666,36.43666666666667,2.2083333333333335,2024,9,Autumn
2024-09-07,12.996666666666668,26.11125,2.1666666666666665,2024,9,Autumn
2024-09-08,4.5225,20.73125,1.3333333333333333,2024,9,Autumn
2024-09-09,2.49,13.19,1.0,2024,9,Autumn
2024-09-10,2.0882608695652176,8.97695652173913,1.2608695652173914,2024,9,Autumn
2024-09-11,0.7379166666666667,6.728333333333333,1.2916666666666667,2024,9,Autumn
2024-09-12,0.9170833333333334,10.096666666666666,1.375,2024,9,Autumn
2024-09-13,3.1995833333333334,22.72,1.5,2024,9,Autumn
2024-09-14,4.826666666666667,24.187083333333334,1.5416666666666667,2024,9,Autumn
2024-09-15,4.482083333333333,17.27208333333333,1.5833333333333333,2024,9,Autumn
2024-09-16,3.07375,12.8375,1.2083333333333333,2024,9,Autumn
2024-09-17,2.0220833333333332,8.704166666666667,1.5833333333333333,2024,9,Autumn
2024-09-18,6.800000000000001,8.323749999999999,2.0833333333333335,2024,9,Autumn
2024-09-19,14.376666666666667,9.47375,2.1666666666666665,2024,9,Autumn
2024-09-20,11.169583333333334,10.962916666666667,2.1666666666666665,2024,9,Autumn
2024-09-21,17.029166666666665,16.692083333333333,2.2916666666666665,2024,9,Autumn
2024-09-22,8.283333333333333,23.534166666666664,1.5833333333333333,2024,9,Autumn
2024-09-23,5.232916666666667,25.89708333333333,1.2916666666666667,2024,9,Autumn
2024-09-24,4.585416666666666,16.785416666666666,1.375,2024,9,Autumn
2024-09-25,2.2183333333333333,19.513749999999998,1.625,2024,9,Autumn
2024-09-26,1.5783333333333334,14.433333333333335,1.3333333333333333,2024,9,Autumn
2024-09-27,0.7820833333333334,9.165833333333333,1.5,2024,9,Autumn
2024-09-28,4.14625,27.18541666666667,1.5416666666666667,2024,9,Autumn
2024-09-29,3.8241666666666667,20.757083333333334,1.7083333333333333,2024,9,Autumn
2024-09-30,1.3375000000000001,9.853333333333333,1.4166666666666667,2024,9,Autumn
2024-10-01,2.1804166666666664,10.259166666666667,1.125,2024,10,Autumn
2024-10-02,2.1341666666666668,7.997916666666666,1.4583333333333333,2024,10,Autumn
2024-10-03,5.675,27.02208333333333,1.875,2024,10,Autumn
2024-10-04,11.144583333333332,45.93291666666667,1.8333333333333333,2024,10,Autumn
2024-10-05,6.520833333333333,23.562916666666666,1.625,2024,10,Autumn
2024-10-06,3.092916666666667,12.220416666666667,1.125,2024,10,Autumn
2024-10-07,2.5325,20.174583333333334,1.2916666666666667,2024,10,Autumn
2024-10-08,1.8416666666666668,19.385416666666668,1.25,2024,10,Autumn
2024-10-09,1.22625,12.109166666666667,1.0,2024,10,Autumn
2024-10-10,2.3270833333333334,20.136666666666667,1.875,2024,10,Autumn
2024-10-11,15.140833333333333,54.42249999999999,2.1666666666666665,2024,10,Autumn
2024-10-12,2.19,14.402916666666668,1.5833333333333333,2024,10,Autumn
2024-10-13,3.32625,29.058333333333334,1.7083333333333333,2024,10,Autumn
2024-10-14,3.0066666666666664,24.068749999999998,1.0416666666666667,2024,10,Autumn
2024-10-15,9.15125,35.95791666666667,1.4583333333333333,2024,10,Autumn
2024-10-16,4.865833333333334,18.220833333333335,1.0,2024,10,Autumn
2024-10-17,3.3837500000000005,28.3325,1.2916666666666667,2024,10,Autumn
2024-10-18,6.005416666666666,27.431250000000002,1.2083333333333333,2024,10,Autumn
2024-10-19,3.0716666666666668,24.255,1.2916666666666667,2024,10,Autumn
2024-10-20,2.27375,12.123333333333333,1.7916666666666667,2024,10,Autumn
2024-10-21,2.410416666666667,22.569166666666664,1.25,2024,10,Autumn
2024-10-22,3.0995833333333334,27.16416666666667,1.4166666666666667,2024,10,Autumn
2024-10-23,9.482916666666666,36.03041666666667,1.5833333333333333,2024,10,Autumn
2024-10-24,10.066666666666666,26.139583333333334,1.4166666666666667,2024,10,Autumn
2024-10-25,11.314583333333333,31.980416666666667,1.6666666666666667,2024,10,Autumn
2024-10-26,15.480833333333335,37.885,2.0833333333333335,2024,10,Autumn
2024-10-27,5.229583333333333,29.082083333333333,1.3333333333333333,2024,10,Autumn
2024-10-28,2.52375,18.10125,1.0833333333333333,2024,10,Autumn
2024-10-29,4.755416666666666,23.997500000000002,1.0,2024,10,Autumn
2024-10-30,7.611249999999999,26.983333333333334,1.4166666666666667,2024,10,Autumn
2024-10-31,19.596666666666668,38.720416666666665,2.1666666666666665,2024,10,Autumn
2024-11-01,14.61875,30.674166666666665,1.8333333333333333,2024,11,Autumn
2024-11-02,5.854583333333333,25.725416666666664,1.125,2024,11,Autumn
2024-11-03,6.5304166666666665,32.945,1.2083333333333333,2024,11,Autumn
2024-11-04,17.469166666666666,33.32875,2.0416666666666665,2024,11,Autumn
2024-11-05,35.647083333333335,37.749583333333334,2.75,2024,11,Autumn
2024-11-06,31.116249999999997,53.06583333333333,2.8333333333333335,2024,11,Autumn
2024-11-07,13.303333333333333,40.712916666666665,1.7916666666666667,2024,11,Autumn
2024-11-08,21.03,43.16833333333333,2.25,2024,11,Autumn
2024-11-09,22.516666666666666,46.76833333333334,2.3333333333333335,2024,11,Autumn
2024-11-10,24.72083333333333,45.95458333333334,2.5416666666666665,2024,11,Autumn
2024-11-11,4.165416666666666,21.3275,1.0416666666666667,2024,11,Autumn
2024-11-12,1.6604166666666667,11.40625,1.4583333333333333,2024,11,Autumn
2024-11-13,5.14875,26.118333333333336,1.3333333333333333,2024,11,Autumn
2024-11-14,8.169166666666667,29.946250000000003,1.625,2024,11,Autumn
2024-11-15,14.613750000000001,56.27916666666667,2.3333333333333335,2024,11,Autumn
2024-11-16,8.299999999999999,31.238333333333333,1.5,2024,11,Autumn
2024-11-17,1.04375,11.96625,1.875,2024,11,Autumn
2024-11-18,4.0408333333333335,35.80625,1.7083333333333333,2024,11,Autumn
2024-11-19,2.1045833333333333,22.3125,1.375,2024,11,Autumn
2024-11-20,1.5391666666666666,15.84375,1.625,2024,11,Autumn
2024-11-21,13.62,56.37958333333333,2.0416666666666665,2024,11,Autumn
2024-11-22,1.5200000000000002,20.295416666666668,1.875,2024,11,Autumn
2024-11-23,2.07625,19.064583333333335,1.8333333333333333,2024,11,Autumn
2024-11-24,2.4233333333333333,6.536666666666666,2.0,2024,11,Autumn
2024-11-25,1.1254166666666667,11.945416666666667,2.0,2024,11,Autumn
2024-11-26,9.03625,48.035,2.0416666666666665,2024,11,Autumn
2024-11-27,5.226666666666667,37.44583333333333,1.75,2024,11,Autumn
2024-11-28,18.391666666666666,60.13375,2.4583333333333335,2024,11,Autumn
2024-11-29,5.855416666666667,28.83125,1.2083333333333333,2024,11,Autumn
2024-11-30,4.61,24.119583333333335,1.0,2024,11,Autumn
2024-12-01,2.8175000000000003,13.973333333333334,1.25,2024,12,Winter
2024-12-02,1.1820833333333334,13.41625,1.25,2024,12,Winter
2024-12-03,14.15625,44.04708333333334,1.8333333333333333,2024,12,Winter
2024-12-04,16.439583333333335,56.69291666666667,2.2083333333333335,2024,12,Winter
2024-12-05,1.4574999999999998,11.355416666666668,1.6666666666666667,2024,12,Winter
2024-12-06,1.6987500000000002,16.854583333333334,1.6666666666666667,2024,12,Winter
2024-12-07,0.6866666666666666,4.97375,2.0,2024,12,Winter
2024-12-08,0.64,4.910416666666666,1.5833333333333333,2024,12,Winter
2024-12-09,1.1187500000000001,6.605833333333333,1.6666666666666667,2024,12,Winter
2024-12-10,1.09,8.218333333333334,1.8333333333333333,2024,12,Winter
2024-12-11,1.32875,13.753749999999998,1.5416666666666667,2024,12,Winter
2024-12-12,7.895833333333333,39.07,1.875,2024,12,Winter
2024-12-13,19.595000000000002,52.72333333333333,2.0,2024,12,Winter
2024-12-14,6.015416666666667,19.671666666666667,1.3333333333333333,2024,12,Winter
2024-12-15,1.6133333333333333,13.954583333333334,1.375,2024,12,Winter
2024-12-16,1.5170833333333336,14.615416666666667,1.75,2024,12,Winter
2024-12-17,3.985,26.204166666666666,1.25,2024,12,Winter
2024-12-18,2.4991666666666665,10.566666666666666,1.75,2024,12,Winter
2024-12-19,0.76625,10.529583333333333,2.0,2024,12,Winter
2024-12-20,1.7379166666666668,21.44458333333333,1.5416666666666667,2024,12,Winter
2024-12-21,1.2670833333333333,9.499583333333334,1.625,2024,12,Winter
2024-12-22,0.5750000000000001,4.85375,2.0,2024,12,Winter
2024-12-23,1.9024999999999999,23.297916666666666,1.9166666666666667,2024,12,Winter
2024-12-24,3.8225000000000002,34.072916666666664,1.25,2024,12,Winter
2024-12-25,8.258750000000001,42.63375,1.5833333333333333,2024,12,Winter
2024-12-26,13.0075,64.66125,2.25,2024,12,Winter
2024-12-27,59.66833333333333,101.81791666666668,3.9166666666666665,2024,12,Winter
2024-12-28,26.707083333333333,61.1775,2.625,2024,12,Winter
2024-12-29,6.58125,31.738333333333333,1.1666666666666667,2024,12,Winter
2024-12-30,2.0091666666666668,17.775833333333335,1.2083333333333333,2024,12,Winter
2024-12-31,1.4520833333333334,12.180416666666666,1.7083333333333333,2024,12,Winter
